walks_on_n_legs,height,weight,has_wings,has_tail,cluster,animal
2,1.8966201999039332,52.24459269017381,0,1,0,Kangaroo
2,1.8706797949691645,84.60897838524227,0,1,0,Kangaroo
4,0.15161222204761285,7.855076329135008,0,1,1,Dog
2,1.8244980251754452,75.80098064612017,0,1,0,Kangaroo
4,0.2798996229876738,46.75735618425883,0,1,1,Dog
2,1.9035229468519068,47.982965818844505,0,1,0,Kangaroo
2,0.20441782493412353,4.021878019596831,1,1,2,Chicken
2,1.751970920254935,57.94896902423142,0,1,0,Kangaroo
2,0.43249489564603305,3.074873428006364,1,1,2,Chicken
4,0.18358413469335155,23.514495090456794,0,1,1,Dog
2,0.35207325083986674,2.9701325541627264,1,1,2,Chicken
4,0.5622654220997921,29.139326049151613,0,1,1,Dog
4,3.066455905196147,5617.827347871771,0,1,3,Elephant
2,1.8436524022667953,48.556932409904846,0,1,0,Kangaroo
4,2.881411588547493,3760.775655172395,0,1,3,Elephant
4,3.079306683380988,6224.263256816181,0,1,3,Elephant
4,3.201404308666059,6061.696943316221,0,1,3,Elephant
2,1.6843931374345307,87.14548571675272,0,1,0,Kangaroo
2,0.2244192904189492,2.1152997332663506,1,1,2,Chicken
4,0.22715268150060264,11.460980082752245,0,1,1,Dog
2,0.4114548340782902,1.8205700230273352,1,1,2,Chicken
2,0.22676226570504915,4.189749055839144,1,1,2,Chicken
2,1.9023128630134951,83.05514548333329,0,1,0,Kangaroo
4,3.174950634283038,4415.287857238642,0,1,3,Elephant
4,0.5352041312855671,37.24191619109717,0,1,1,Dog
2,1.8721133641026073,45.72758714918433,0,1,0,Kangaroo
2,0.41900955643010607,1.4531504942282414,1,1,2,Chicken
4,2.8738140986329936,6701.408488340645,0,1,3,Elephant
2,0.49016083460453996,3.2090486346537452,1,1,2,Chicken
2,1.9482074279347068,54.92223957243164,0,1,0,Kangaroo
4,2.606026949009175,5878.796440323151,0,1,3,Elephant
2,1.8395778337840916,64.43028540144739,0,1,0,Kangaroo
2,0.45755265723811445,3.49922359873059,1,1,2,Chicken
2,1.6963486369788934,68.3678471844455,0,1,0,Kangaroo
4,0.6848958123256602,77.27178275367073,0,1,1,Dog
4,2.584268403404789,4643.714225824545,0,1,3,Elephant
2,0.3346858255963889,2.562250478480184,1,1,2,Chicken
4,3.1045245858090182,4315.6668899889455,0,1,3,Elephant
2,0.3033350293700764,2.191668226231164,1,1,2,Chicken
4,2.526983047730447,2690.447318030353,0,1,3,Elephant
4,2.4763998466967334,5643.7160701583525,0,1,3,Elephant
2,1.9621680052024513,82.98177001268732,0,1,0,Kangaroo
4,2.7178447649284467,4687.28234634711,0,1,3,Elephant
4,0.2952381248290927,37.62837602115061,0,1,1,Dog
2,1.6387723256915294,61.552559120318875,0,1,0,Kangaroo
4,0.7174089888913302,4.752438197725385,0,1,1,Dog
2,1.6242450696308055,76.41067942205913,0,1,0,Kangaroo
2,1.6994625335681144,49.510445422040576,0,1,0,Kangaroo
4,0.2547718643353186,36.81630336947594,0,1,1,Dog
2,1.7772522980213827,83.06745523809153,0,1,0,Kangaroo
2,1.8608579575994089,67.02939690501525,0,1,0,Kangaroo
4,3.2395388506868916,6480.504321695359,0,1,3,Elephant
2,1.9941235375118904,53.260152908607594,0,1,0,Kangaroo
4,0.32396947568390577,55.18243303261276,0,1,1,Dog
4,0.23526184118636362,23.79156430132329,0,1,1,Dog
2,1.8991902241516256,42.85826364537415,0,1,0,Kangaroo
4,2.5206228259585295,4783.662537071699,0,1,3,Elephant
2,1.838014042580011,73.76062768020451,0,1,0,Kangaroo
2,1.9766384508916357,68.48377050690925,0,1,0,Kangaroo
2,1.8477526041328414,60.961245766793624,0,1,0,Kangaroo
2,0.47714719020774954,0.8873310472001823,1,1,2,Chicken
4,2.706396916152905,3162.7766131480626,0,1,3,Elephant
4,0.3450004934648607,59.52136265453056,0,1,1,Dog
4,0.5523882937353031,44.695001182657265,0,1,1,Dog
4,2.920237377703401,3169.563252575809,0,1,3,Elephant
2,1.9517080969938172,58.4763544369442,0,1,0,Kangaroo
2,0.3640872180040825,4.146851243897952,1,1,2,Chicken
2,1.8671452814850333,67.73011412448389,0,1,0,Kangaroo
2,1.9755720015708416,46.71455571966838,0,1,0,Kangaroo
2,1.8969666735923996,47.772395488749524,0,1,0,Kangaroo
4,3.10867484655353,3475.468443008048,0,1,3,Elephant
2,0.3268931703342955,1.0824177723669692,1,1,2,Chicken
2,1.6369193870850935,61.17878862818632,0,1,0,Kangaroo
2,1.7334226154420354,46.54098303508511,0,1,0,Kangaroo
4,3.1296955084296583,4972.225810843483,0,1,3,Elephant
2,1.644749552235734,87.25254695233195,0,1,0,Kangaroo
4,2.955575357392915,6188.758585509871,0,1,3,Elephant
4,2.852510174463887,2779.8640901260887,0,1,3,Elephant
2,1.95956985461059,50.503826916987705,0,1,0,Kangaroo
2,1.7414714538458473,67.99417595719348,0,1,0,Kangaroo
4,3.2939298020869052,3617.9705285862424,0,1,3,Elephant
4,3.2544604221503586,2706.5813561622117,0,1,3,Elephant
2,0.42383527365167106,1.7509619123541178,1,1,2,Chicken
4,2.70745708153908,5985.710389282525,0,1,3,Elephant
2,1.9434373005351127,51.12168587728322,0,1,0,Kangaroo
4,0.3677677286232247,64.91210590626761,0,1,1,Dog
4,2.491061346884292,3430.458089809147,0,1,3,Elephant
2,1.9867556416193444,53.956249636093574,0,1,0,Kangaroo
4,0.5920723204849794,66.72740131685833,0,1,1,Dog
2,1.6461367007405712,88.5200305511114,0,1,0,Kangaroo
2,0.16339001907364195,2.520526134513981,1,1,2,Chicken
2,0.30273785935471276,4.134373840704964,1,1,2,Chicken
4,2.696703030463338,5647.776720486934,0,1,3,Elephant
2,0.3681043934812432,2.798682063693461,1,1,2,Chicken
2,0.32749287641234415,2.813275159792153,1,1,2,Chicken
2,0.3440443671833778,0.835630307117984,1,1,2,Chicken
4,0.5905762027854584,71.37023534000774,0,1,1,Dog
2,0.29212630906535697,3.5077978798127916,1,1,2,Chicken
4,2.852600453490953,5093.934559141433,0,1,3,Elephant
4,0.43041449144980803,53.53673780542284,0,1,1,Dog
4,3.0563771630485954,3820.281541470018,0,1,3,Elephant
2,0.18268552002644692,4.000174594789655,1,1,2,Chicken
2,0.2286242330990509,0.8659779099407386,1,1,2,Chicken
4,3.1093278647941,4251.10740978883,0,1,3,Elephant
4,3.053891629889488,2623.8427179935366,0,1,3,Elephant
2,1.91136816270693,50.94205684061597,0,1,0,Kangaroo
4,0.16414850189563585,20.062064953307775,0,1,1,Dog
4,0.22067059177877965,36.97449414361158,0,1,1,Dog
2,0.48251386295510457,3.7480061291488496,1,1,2,Chicken
4,0.6947870354105623,43.507948122950026,0,1,1,Dog
4,0.43604743492789755,59.514477740290154,0,1,1,Dog
2,0.41803478950400785,2.2071711208028897,1,1,2,Chicken
2,0.3039554076427159,3.007487263049828,1,1,2,Chicken
2,0.2618983489465668,2.285653702344334,1,1,2,Chicken
4,2.810901410263891,3257.0626462817363,0,1,3,Elephant
4,0.40716757137327897,43.094974529557355,0,1,1,Dog
4,3.211273140713034,4274.750294467847,0,1,3,Elephant
2,1.9426928129215737,78.27972880590347,0,1,0,Kangaroo
2,1.9770966629736386,54.93063261861917,0,1,0,Kangaroo
4,0.49598998597495747,58.168773769374084,0,1,1,Dog
4,2.904524235019723,3773.6218405820036,0,1,3,Elephant
4,0.35856808971490006,53.812637974725455,0,1,1,Dog
4,3.218050040125677,6554.028968876597,0,1,3,Elephant
2,1.9627715450347074,69.59463878139555,0,1,0,Kangaroo
2,1.8570998592037342,46.784974361528214,0,1,0,Kangaroo
2,1.704062525567722,56.36763334708671,0,1,0,Kangaroo
2,0.41643039776290947,1.6153024353934993,1,1,2,Chicken
4,0.3015446416120188,6.929639271788941,0,1,1,Dog
2,1.9016932816238106,87.48058663579944,0,1,0,Kangaroo
2,1.8485342626344632,51.92724709444529,0,1,0,Kangaroo
2,1.8255878327720076,50.898227045325186,0,1,0,Kangaroo
2,0.20872620017873078,2.5649713170679487,1,1,2,Chicken
2,1.911116754470173,48.188290508359955,0,1,0,Kangaroo
2,1.9715548673628487,68.7898364206207,0,1,0,Kangaroo
4,0.3997250202313066,56.62865434638327,0,1,1,Dog
4,2.5606921618469194,5921.6678052902635,0,1,3,Elephant
2,1.9184908866400847,68.2966277683658,0,1,0,Kangaroo
4,0.20176643203791905,75.92182402634442,0,1,1,Dog
4,0.6109698777201323,34.685740883102646,0,1,1,Dog
2,0.36556932391874286,3.865368305686219,1,1,2,Chicken
4,0.42619065524264815,57.8855578229521,0,1,1,Dog
4,3.209350606812637,2972.6504616394,0,1,3,Elephant
4,3.1379238908260354,5050.353472116785,0,1,3,Elephant
2,0.16004499921953136,3.5795166575687674,1,1,2,Chicken
4,2.785794219896725,3710.9153580923157,0,1,3,Elephant
2,0.3445268597718543,2.187719248889271,1,1,2,Chicken
4,3.1108664510527326,4700.884741449785,0,1,3,Elephant
4,0.5692139718238476,39.02947480366901,0,1,1,Dog
2,1.717694232528199,60.2200564338964,0,1,0,Kangaroo
2,0.31564117106583367,2.2472279993598314,1,1,2,Chicken
2,0.2731336846649589,1.9259415292577822,1,1,2,Chicken
4,2.5773837374295523,3428.1124618415247,0,1,3,Elephant
4,2.640471465979385,5776.000010088488,0,1,3,Elephant
2,0.4931787206618795,3.5032318765305837,1,1,2,Chicken
2,0.21280454028989115,0.09589965288699373,1,1,2,Chicken
2,0.1659304953441264,0.26399182225490614,1,1,2,Chicken
4,3.0377039930442757,5837.006355902391,0,1,3,Elephant
2,1.829625687850533,63.46984724652551,0,1,0,Kangaroo
4,3.329292902393082,3685.657079119782,0,1,3,Elephant
2,1.9288462581197723,60.03537211259699,0,1,0,Kangaroo
2,1.6606908027803826,80.55710381375238,0,1,0,Kangaroo
2,1.9975672490840881,45.92257811057308,0,1,0,Kangaroo
4,3.1603672503314133,4235.625512430162,0,1,3,Elephant
2,0.451058333039163,4.15850013732328,1,1,2,Chicken
2,1.8438523648980523,77.00446527422724,0,1,0,Kangaroo
4,3.026708377061877,3737.9783387470316,0,1,3,Elephant
4,2.624694058010527,2922.7789362750223,0,1,3,Elephant
2,0.39604564533280096,1.927132411832521,1,1,2,Chicken
2,0.4257398093263559,2.639116483824656,1,1,2,Chicken
4,2.8483736798327484,4941.618228455489,0,1,3,Elephant
2,0.4393209058775208,0.33427915083075427,1,1,2,Chicken
2,0.3582654130617916,3.4683123743951985,1,1,2,Chicken
4,0.2145604875588016,54.561222310149354,0,1,1,Dog
2,0.32516526199127394,2.092669498133586,1,1,2,Chicken
2,1.9557691557169814,76.72669616428077,0,1,0,Kangaroo
2,1.6365307546523942,88.09555510964184,0,1,0,Kangaroo
2,1.9998289667509805,73.61407921516196,0,1,0,Kangaroo
2,1.9052436016686822,48.75953639689863,0,1,0,Kangaroo
4,0.752929495790202,14.746898057015384,0,1,1,Dog
4,0.7889575605246786,37.395816004387605,0,1,1,Dog
2,0.3845467283324149,3.607742871988668,1,1,2,Chicken
4,0.32598810084578994,74.69769285571203,0,1,1,Dog
2,1.7819303634406918,55.7258578585084,0,1,0,Kangaroo
4,0.7181391971552777,65.25678545659302,0,1,1,Dog
2,1.6814232953401096,67.46098195426659,0,1,0,Kangaroo
4,0.7289756998033078,38.54987606057485,0,1,1,Dog
2,1.6898802637823138,82.07028408085178,0,1,0,Kangaroo
2,1.8590838755135035,47.6985562214164,0,1,0,Kangaroo
2,0.32810520527432907,1.1752678450173604,1,1,2,Chicken
4,0.2957370161310941,43.774308535116866,0,1,1,Dog
4,3.2389839716414435,3787.863832134776,0,1,3,Elephant
4,0.361115165317721,62.33581635249709,0,1,1,Dog
2,1.7131355933131307,54.92779248858836,0,1,0,Kangaroo
4,0.718377204396165,35.55397035389077,0,1,1,Dog
2,0.3431710959747838,2.299299352096956,1,1,2,Chicken
2,0.4543605891319239,4.11996479023759,1,1,2,Chicken
4,0.28882246331936734,61.38024129529182,0,1,1,Dog
2,1.6504985079237555,88.26767950884269,0,1,0,Kangaroo
2,1.9496761496217234,62.015310488533856,0,1,0,Kangaroo
4,0.14043636658237724,11.816200153405378,0,1,1,Dog
4,2.536597140936901,5960.558752474007,0,1,3,Elephant
4,0.5718889237539053,67.36357544952928,0,1,1,Dog
4,0.7788149229834198,49.70373555212704,0,1,1,Dog
4,0.7232204518310047,3.3180793372583963,0,1,1,Dog
2,0.4990990730346754,3.14578838472999,1,1,2,Chicken
2,1.904147877197706,75.1945414664519,0,1,0,Kangaroo
4,3.0876610348859788,6484.7234668170895,0,1,3,Elephant
4,2.6212854476706067,2939.563907837977,0,1,3,Elephant
4,2.9129238546074765,5107.575661803828,0,1,3,Elephant
2,0.3108496747118558,2.8130579059803593,1,1,2,Chicken
4,0.7428224080472405,53.692454527377734,0,1,1,Dog
4,0.7727602317555593,78.03065807465,0,1,1,Dog
4,0.5994131884728878,36.36161129442124,0,1,1,Dog
4,0.7102681118889264,8.872281492655333,0,1,1,Dog
2,0.3511841755625258,4.1695769776187745,1,1,2,Chicken
4,0.3166466585211949,44.92542783102237,0,1,1,Dog
2,1.9642467814874842,77.25860770669851,0,1,0,Kangaroo
2,0.42150934286118324,0.9949828616098432,1,1,2,Chicken
4,3.036589911425244,5269.832001460308,0,1,3,Elephant
4,3.0291408122813395,6484.635927513762,0,1,3,Elephant
2,0.4260136694035538,0.17589654357556783,1,1,2,Chicken
4,2.550218704414135,3868.9749420053677,0,1,3,Elephant
4,2.648707367238568,5982.005087431173,0,1,3,Elephant
2,0.33579833079597476,3.8398462747673046,1,1,2,Chicken
2,0.46991713373840915,3.967653878412638,1,1,2,Chicken
2,0.41129577275096574,1.4470716015772527,1,1,2,Chicken
2,1.6563028060023532,88.32501047313761,0,1,0,Kangaroo
4,0.7877434281640221,63.66013005561411,0,1,1,Dog
4,0.1394646854686128,42.620926199121136,0,1,1,Dog
2,0.35459603207825807,3.460723225007061,1,1,2,Chicken
2,1.8699346221501287,63.57384339907193,0,1,0,Kangaroo
2,0.4703395680601058,0.9585516539080206,1,1,2,Chicken
4,0.7483835941309667,24.221928700546144,0,1,1,Dog
4,2.5103586618019103,2760.0121513662316,0,1,3,Elephant
2,1.6388767994487288,84.36296542642512,0,1,0,Kangaroo
4,0.3822878305310803,75.02639032033457,0,1,1,Dog
4,0.5293914349730531,57.53803331874346,0,1,1,Dog
2,1.9334772333185286,70.78261070255782,0,1,0,Kangaroo
2,0.1614507003992664,1.5795162182114546,1,1,2,Chicken
4,3.2313506720422995,3027.2248858063604,0,1,3,Elephant
2,0.17119253120831307,1.185494438306786,1,1,2,Chicken
4,0.1923379281959142,17.150306510730086,0,1,1,Dog
2,1.6202314042651493,56.6754578216258,0,1,0,Kangaroo
4,2.531063036013677,5890.176716320913,0,1,3,Elephant
4,3.193617153197742,3601.894319897935,0,1,3,Elephant
2,1.7109099383902733,89.20140659238695,0,1,0,Kangaroo
2,0.4294798382451682,0.49462338626372027,1,1,2,Chicken
4,2.483225691235331,5996.934056209442,0,1,3,Elephant
2,0.15552337922890608,1.141724937156864,1,1,2,Chicken
4,0.4877381580865497,59.034724090168666,0,1,1,Dog
2,0.3296332851632171,0.4909918436460089,1,1,2,Chicken
2,1.8908971988654941,85.43758439532701,0,1,0,Kangaroo
2,0.3103148827341887,4.050241000337006,1,1,2,Chicken
4,0.7061630093537251,33.962479113479354,0,1,1,Dog
4,0.17997368672118635,6.842052476747166,0,1,1,Dog
2,1.6504766353220226,71.21587471406039,0,1,0,Kangaroo
2,0.2833165395864823,2.5239422931947417,1,1,2,Chicken
4,0.19744135394174855,55.5896843558662,0,1,1,Dog
4,2.852762248083084,6418.79139455052,0,1,3,Elephant
4,0.40113652529472826,57.77458184930859,0,1,1,Dog
2,0.3827877520711081,1.5952151605621399,1,1,2,Chicken
4,0.17565064953292048,65.79409324527607,0,1,1,Dog
2,1.8978355876767516,58.63234296879518,0,1,0,Kangaroo
2,1.8345860330957908,68.07932069960361,0,1,0,Kangaroo
2,1.7643234531688634,83.68036861171592,0,1,0,Kangaroo
4,0.7203026612309642,57.10326328157273,0,1,1,Dog
2,0.2730761649926021,2.442874792056966,1,1,2,Chicken
4,0.2824865109931446,8.99514298129043,0,1,1,Dog
2,0.19020985973560786,1.1966794686166817,1,1,2,Chicken
4,0.7047055097032836,77.0019082668681,0,1,1,Dog
2,1.843597966221226,72.89156139994442,0,1,0,Kangaroo
2,1.6721664287843419,75.13493864328024,0,1,0,Kangaroo
2,0.2728581972579436,0.7921913388389233,1,1,2,Chicken
4,0.1773180864488688,58.666071140795964,0,1,1,Dog
2,1.8984447048022828,50.75664400167555,0,1,0,Kangaroo
2,0.20509324654578104,1.3343463700786529,1,1,2,Chicken
2,1.9533368738073373,47.77899517022442,0,1,0,Kangaroo
2,1.8695874842452453,53.605142177310945,0,1,0,Kangaroo
4,0.5428116850598905,33.01342342379389,0,1,1,Dog
2,1.7380691421923449,45.54448861004653,0,1,0,Kangaroo
4,0.4883151928607385,24.71092226032363,0,1,1,Dog
2,1.6030748343599532,55.07096810092184,0,1,0,Kangaroo
4,3.1501031972275104,3844.6226642349816,0,1,3,Elephant
4,0.6379696039322421,14.29204194725362,0,1,1,Dog
4,2.91523348843503,6183.423070405476,0,1,3,Elephant
2,1.758828469698919,77.10206636872226,0,1,0,Kangaroo
4,0.7563904554616405,68.1756360685472,0,1,1,Dog
4,0.6124592938668754,33.288975847713225,0,1,1,Dog
2,1.9864798764132505,48.593659028903446,0,1,0,Kangaroo
4,0.6957776208887609,72.70192551169869,0,1,1,Dog
2,1.6973265899290935,69.4435644151456,0,1,0,Kangaroo
4,0.72195660301288,59.045678877471325,0,1,1,Dog
4,2.537977645950989,5322.866067963201,0,1,3,Elephant
4,3.2762712311062447,4102.313641531236,0,1,3,Elephant
4,2.680279275562585,3229.710138594086,0,1,3,Elephant
4,3.1465916130367337,5418.688745230578,0,1,3,Elephant
4,0.4454880865888533,44.7532354380962,0,1,1,Dog
2,0.45248640619099567,2.6481060649237502,1,1,2,Chicken
2,1.7875684334105493,71.56925600127147,0,1,0,Kangaroo
2,1.7407768890480306,43.709532808664385,0,1,0,Kangaroo
2,1.6227560203335811,81.58483158315607,0,1,0,Kangaroo
2,1.8460033553662294,65.35339086669775,0,1,0,Kangaroo
2,1.7798934814603626,80.49079588489855,0,1,0,Kangaroo
2,0.3617520419245225,2.1241920776965815,1,1,2,Chicken
4,0.2003812765438663,71.08145646552822,0,1,1,Dog
2,1.801819600600383,48.627945571818245,0,1,0,Kangaroo
4,0.8038704953998835,41.6393814238587,0,1,1,Dog
2,0.2804981937354645,1.2146859677718216,1,1,2,Chicken
2,0.38761420219585335,0.2549976495023941,1,1,2,Chicken
2,0.1730691489979011,0.4304282595053377,1,1,2,Chicken
2,0.23819852473815362,3.5820703403150755,1,1,2,Chicken
4,2.7666922120938953,5105.779912721604,0,1,3,Elephant
2,0.25858110814313423,2.768155791184098,1,1,2,Chicken
4,2.9995866930549013,6633.409458132772,0,1,3,Elephant
4,0.5675754190856973,26.285409508906344,0,1,1,Dog
2,1.8584099282933952,61.17031831610518,0,1,0,Kangaroo
2,0.2581031245223583,3.996717852500707,1,1,2,Chicken
4,0.2605635588917827,78.99816475658774,0,1,1,Dog
2,0.4455499360400591,0.45804899914944336,1,1,2,Chicken
2,1.864771694948567,83.8196386271371,0,1,0,Kangaroo
4,0.23489187769836267,14.696408422742683,0,1,1,Dog
4,3.11185286804683,2787.877440204412,0,1,3,Elephant
4,3.332933857033676,5225.560315141008,0,1,3,Elephant
4,0.28912200214808864,19.274727033773278,0,1,1,Dog
4,0.7447025499334716,15.730269833471732,0,1,1,Dog
4,0.4439423853398727,22.61908101724637,0,1,1,Dog
4,0.7870623441800442,64.62596230712735,0,1,1,Dog
4,3.246971708852819,2824.37315402232,0,1,3,Elephant
2,0.3440892608985509,0.46408105326862814,1,1,2,Chicken
2,1.7140252056237315,78.15584151458455,0,1,0,Kangaroo
4,3.2096315795879855,2994.3683495341015,0,1,3,Elephant
4,0.7315482461282451,73.54204627941257,0,1,1,Dog
4,0.4713648379914001,19.008578798279462,0,1,1,Dog
2,0.22858856551249057,1.363685136497231,1,1,2,Chicken
2,0.4269832231187616,0.6098270837028038,1,1,2,Chicken
4,0.6033289522316689,11.395226307727617,0,1,1,Dog
4,0.5484368148712129,71.60981289460676,0,1,1,Dog
4,2.7380245631817357,2805.3226204610605,0,1,3,Elephant
4,0.1727088626875234,66.17998606751881,0,1,1,Dog
2,1.852781976805257,68.75237287653168,0,1,0,Kangaroo
2,0.30023361258616676,2.5964522930962826,1,1,2,Chicken
4,0.2573734600229001,52.954869879191335,0,1,1,Dog
2,0.1736877630180961,2.226985470876196,1,1,2,Chicken
2,1.7561814930240258,63.5067539079243,0,1,0,Kangaroo
2,0.23877759137422444,0.10461640810654896,1,1,2,Chicken
2,0.2343940735349756,2.772525617245091,1,1,2,Chicken
2,0.1966933564507774,1.5036209289733709,1,1,2,Chicken
4,3.2090414545196064,5544.135035558629,0,1,3,Elephant
4,0.5595803764756697,64.2025680250371,0,1,1,Dog
4,0.15514897733584748,16.32489293768102,0,1,1,Dog
2,1.7262383280198903,55.50379414684459,0,1,0,Kangaroo
4,0.30225336033777983,59.633337127280896,0,1,1,Dog
2,0.45174848566423764,0.23600819456814362,1,1,2,Chicken
2,0.1935662528855342,1.5690638226719837,1,1,2,Chicken
4,0.7383534965694363,30.851614308464335,0,1,1,Dog
4,0.6006065739565782,29.336733766335033,0,1,1,Dog
2,0.43040183059062076,3.0638395532383926,1,1,2,Chicken
4,2.955472213636727,3981.2091413227545,0,1,3,Elephant
2,0.25727354963176335,2.545713836242487,1,1,2,Chicken
4,0.36905194896495463,3.8248802837351676,0,1,1,Dog
2,0.3651980187695675,1.8476573185397234,1,1,2,Chicken
2,1.6300164659952638,71.87562689416492,0,1,0,Kangaroo
4,3.317982562688851,3213.951713958964,0,1,3,Elephant
4,0.15366329674300858,5.777819000375541,0,1,1,Dog
2,0.27675270389019724,3.989631586756106,1,1,2,Chicken
4,2.941219294567298,4311.5463975955345,0,1,3,Elephant
4,3.3248628465158436,2711.427365715816,0,1,3,Elephant
4,0.7512089039529669,9.744238146018004,0,1,1,Dog
4,0.2759078892881294,48.53235884694594,0,1,1,Dog
4,0.26612127187396173,11.154680791846388,0,1,1,Dog
4,3.269824337399745,4513.978128792556,0,1,3,Elephant
2,0.38374392667113877,2.9908170466299455,1,1,2,Chicken
2,0.46196608882386114,3.581220217285263,1,1,2,Chicken
4,3.1763897816220523,4787.649704249494,0,1,3,Elephant
4,3.174938449513915,3617.965592433543,0,1,3,Elephant
2,0.34390750304085826,1.572777181981582,1,1,2,Chicken
4,3.0146340427322635,2970.7265711033106,0,1,3,Elephant
4,0.4874730452846041,60.87941720441379,0,1,1,Dog
2,1.6501307129036777,55.8513835230241,0,1,0,Kangaroo
4,0.5924741136417151,27.544410285161927,0,1,1,Dog
4,3.153325657248314,3154.841718526621,0,1,3,Elephant
2,1.9325563225870166,65.9051066462008,0,1,0,Kangaroo
4,2.7571680685275544,5650.1281698757575,0,1,3,Elephant
2,0.44607679715455295,1.080269901292062,1,1,2,Chicken
2,0.19380960329441593,1.297658835231251,1,1,2,Chicken
4,2.9967095163317787,5096.7799549030915,0,1,3,Elephant
2,0.4448855014396861,2.383341877337484,1,1,2,Chicken
2,1.632489141957348,87.42734269851957,0,1,0,Kangaroo
2,0.37789549211995993,3.229850320814603,1,1,2,Chicken
2,1.7992152240544466,71.35820051490421,0,1,0,Kangaroo
2,0.31903068636139675,3.386916786000097,1,1,2,Chicken
2,0.30874044653430993,2.903698298874631,1,1,2,Chicken
4,0.45929076847300426,16.515806564726798,0,1,1,Dog
2,0.4515197768913731,1.366314142588329,1,1,2,Chicken
2,0.491380944770208,0.581379488912585,1,1,2,Chicken
2,1.727646354561263,63.32362835203182,0,1,0,Kangaroo
4,2.5953810951572835,2817.602754741248,0,1,3,Elephant
4,0.2988237906592069,68.42663888507634,0,1,1,Dog
2,0.47681303733729163,3.0390576491864936,1,1,2,Chicken
4,2.9134563324333187,4813.316808695383,0,1,3,Elephant
2,0.32407959556662813,0.41187438266727416,1,1,2,Chicken
4,0.7873469087756834,17.388837168309927,0,1,1,Dog
2,1.7125425353494115,69.87593855050932,0,1,0,Kangaroo
4,0.32430889937989194,1.1419263668584125,0,1,1,Dog
4,3.2553856005175477,5728.284672445385,0,1,3,Elephant
2,0.16583483807894261,0.24996945257546357,1,1,2,Chicken
2,0.3436280243174031,0.3431126741794505,1,1,2,Chicken
2,0.4388589612855147,2.631554691884663,1,1,2,Chicken
4,3.3378237057182676,4293.785964733011,0,1,3,Elephant
2,0.34524114339524503,1.5590193316856027,1,1,2,Chicken
4,0.47005297442803784,4.056313168665366,0,1,1,Dog
2,0.43138804931797414,2.1989820731166256,1,1,2,Chicken
4,2.7618896043965084,5236.192920578115,0,1,3,Elephant
2,0.3578036294708453,2.1489522875559977,1,1,2,Chicken
4,0.6119430683760978,24.033559331886977,0,1,1,Dog
2,0.2659338577526229,0.49328390605237676,1,1,2,Chicken
2,0.42886418487555145,3.0565246968533737,1,1,2,Chicken
2,1.8387638463812774,53.27652184928607,0,1,0,Kangaroo
4,3.112046099943713,5109.150091304851,0,1,3,Elephant
4,0.23048748164422567,53.93706126147829,0,1,1,Dog
4,2.835235894297208,5932.380897770491,0,1,3,Elephant
2,1.8823100928607062,65.93416057800565,0,1,0,Kangaroo
4,0.4873244629520241,25.129579000918646,0,1,1,Dog
2,0.34119562673569054,2.85064088420416,1,1,2,Chicken
2,0.363526803027563,0.8373957361161379,1,1,2,Chicken
2,0.22870346329748584,4.087226942659539,1,1,2,Chicken
2,0.3967153278928043,2.910468751839296,1,1,2,Chicken
4,0.3671861584568885,73.79547941950784,0,1,1,Dog
2,0.25072628142428344,2.4243839345259843,1,1,2,Chicken
4,0.6864966728887825,75.43679577622972,0,1,1,Dog
2,0.16472327039145393,4.013971006698684,1,1,2,Chicken
4,0.5760609943746171,59.16607222786339,0,1,1,Dog
2,0.4765583768241577,2.9351611245927227,1,1,2,Chicken
4,2.6857876541851553,5480.286049040347,0,1,3,Elephant
4,2.516717085087122,4377.1958740075115,0,1,3,Elephant
2,1.872476794632572,46.873351709984775,0,1,0,Kangaroo
4,2.8321476318767265,6620.638023963452,0,1,3,Elephant
4,0.5723663104745005,59.83901816358605,0,1,1,Dog
2,0.3760642712615944,3.8167415592163962,1,1,2,Chicken
4,2.9462855264353083,5709.406016442421,0,1,3,Elephant
4,2.841917634198055,6201.701023100997,0,1,3,Elephant
2,1.998868721235404,59.849728713914985,0,1,0,Kangaroo
2,0.45686010877127314,0.07557922238265541,1,1,2,Chicken
2,1.971381938406807,56.75210568478765,0,1,0,Kangaroo
4,0.7346967753635433,11.034695761711815,0,1,1,Dog
2,0.2174839893958334,0.5059484661269031,1,1,2,Chicken
4,0.5708340303222843,56.90995661628713,0,1,1,Dog
4,0.6923530811878905,40.94953172834398,0,1,1,Dog
2,1.673912480418936,47.03059378171492,0,1,0,Kangaroo
4,2.4760788072802047,4249.3698799069325,0,1,3,Elephant
2,0.4839121879292194,1.294000530636192,1,1,2,Chicken
2,1.7046212603261572,57.977604528057796,0,1,0,Kangaroo
2,1.7861579963767718,47.985841261378155,0,1,0,Kangaroo
2,0.39160163209658494,2.695955246805033,1,1,2,Chicken
2,0.36511890685034715,0.9492323656938368,1,1,2,Chicken
4,2.8749310187658965,6852.003236149829,0,1,3,Elephant
4,0.6449983558469417,63.456606854732435,0,1,1,Dog
4,3.0755043087282643,5162.002201784258,0,1,3,Elephant
4,0.48915772436977156,28.900112179153133,0,1,1,Dog
2,1.6247032190226736,67.38246243554657,0,1,0,Kangaroo
4,2.616438069358652,6274.289831798289,0,1,3,Elephant
4,3.1080569899007786,4701.960257374116,0,1,3,Elephant
4,0.6799106165605213,36.094435564112885,0,1,1,Dog
4,0.5134596058671251,44.365580121403156,0,1,1,Dog
2,0.4031480279387508,1.6853344795354108,1,1,2,Chicken
4,2.9846970259025416,2794.746151729664,0,1,3,Elephant
2,1.8164654016319624,43.0127815658535,0,1,0,Kangaroo
4,0.15157971229569375,32.596054461810986,0,1,1,Dog
4,0.384633426034022,70.46968800965435,0,1,1,Dog
4,0.38543896298535163,54.094332796970996,0,1,1,Dog
4,3.051645347592645,4095.410514698346,0,1,3,Elephant
4,0.48961292688992636,57.63686406113106,0,1,1,Dog
2,1.9024717659435728,88.92453413395694,0,1,0,Kangaroo
4,0.491714853777796,65.13379433399908,0,1,1,Dog
2,0.20429248062131855,0.8216441184985587,1,1,2,Chicken
2,1.6128869259639924,73.00988429011426,0,1,0,Kangaroo
2,1.6962665176572849,43.36454514447477,0,1,0,Kangaroo
4,0.5364937297774559,55.7079719488969,0,1,1,Dog
2,0.2319565309995799,3.851960848885084,1,1,2,Chicken
2,0.23291641217185222,3.6848633952095593,1,1,2,Chicken
4,2.8380685837376554,3783.1618581870034,0,1,3,Elephant
4,3.0271338925070137,4436.962503866537,0,1,3,Elephant
2,0.47955524344116907,2.831798930516442,1,1,2,Chicken
2,0.3937079425581814,1.7365829531415768,1,1,2,Chicken
4,3.1414303265419314,4636.130927772546,0,1,3,Elephant
2,0.4501394335005572,0.6379363317746379,1,1,2,Chicken
2,1.8249543798347636,88.38930942733134,0,1,0,Kangaroo
4,2.8156929534386403,3696.4812761124067,0,1,3,Elephant
2,1.968890441804489,82.3566692959806,0,1,0,Kangaroo
4,2.5158675999114726,4221.822292333762,0,1,3,Elephant
2,1.949448183395816,49.40816469663777,0,1,0,Kangaroo
4,2.8966608437591144,6338.737561555513,0,1,3,Elephant
2,1.6847231088196033,49.501184881507434,0,1,0,Kangaroo
4,0.7518200818074,55.10666342784107,0,1,1,Dog
4,0.7522859925236184,43.83822446500344,0,1,1,Dog
4,0.4470503133750117,51.42462518961634,0,1,1,Dog
2,0.3294857890083207,2.1071653711793936,1,1,2,Chicken
4,0.6479076991306036,25.638312855921267,0,1,1,Dog
2,0.29487555970251855,2.3787904404341074,1,1,2,Chicken
4,2.484435711891122,4979.239723231349,0,1,3,Elephant
4,0.330730755505262,15.901054944056453,0,1,1,Dog
4,2.914378319308697,5414.814254320394,0,1,3,Elephant
2,0.4171762189832119,2.0711296415222726,1,1,2,Chicken
4,0.4433637189447796,58.022620606463974,0,1,1,Dog
4,3.1110790423782633,4699.760181392769,0,1,3,Elephant
2,1.809577766161632,81.95342467974774,0,1,0,Kangaroo
2,1.9057355374288076,60.61961112077964,0,1,0,Kangaroo
4,2.5304914680822264,3249.4274797984085,0,1,3,Elephant
4,0.3837764710270321,49.000066016329036,0,1,1,Dog
4,0.5783133525531068,1.734943699233749,0,1,1,Dog
4,0.13805865832696687,42.05928527706957,0,1,1,Dog
2,0.15599990916084952,3.422173510664607,1,1,2,Chicken
4,2.565244621538099,3014.1497280810563,0,1,3,Elephant
4,3.021604949746622,3685.398244153126,0,1,3,Elephant
4,0.18373308579381606,75.80487684065962,0,1,1,Dog
4,3.3513073981593573,3571.1861862979154,0,1,3,Elephant
2,1.8614942878236613,82.91095795105936,0,1,0,Kangaroo
2,1.7621113192417146,58.858478424214354,0,1,0,Kangaroo
2,1.8811380600076424,44.13430612529009,0,1,0,Kangaroo
2,0.3480498197828622,3.608688784532956,1,1,2,Chicken
2,1.6919065988404067,85.06364795122926,0,1,0,Kangaroo
4,0.31434463584171335,73.04650242877246,0,1,1,Dog
2,0.46475907780275305,2.3828915640317554,1,1,2,Chicken
2,0.20685758775014704,1.038085744888746,1,1,2,Chicken
4,0.5903837767961436,42.93415083394044,0,1,1,Dog
4,3.1735432958583933,5564.035327091093,0,1,3,Elephant
2,0.16879375118158774,1.856598396587487,1,1,2,Chicken
2,0.36180906012022473,2.5925209675660392,1,1,2,Chicken
2,0.1603689806308078,1.1748604201816832,1,1,2,Chicken
4,0.28513410510086723,43.913461408612974,0,1,1,Dog
4,3.0749284236984615,5440.889202313965,0,1,3,Elephant
2,0.4293193108309613,3.0056708215401198,1,1,2,Chicken
4,2.808199993844276,5970.728212041958,0,1,3,Elephant
4,0.3453411955034446,8.864247040333998,0,1,1,Dog
4,0.435213700374587,44.04709004779612,0,1,1,Dog
2,1.6358475367841552,67.71099026987861,0,1,0,Kangaroo
2,0.45230136204386706,0.08837397976190232,1,1,2,Chicken
2,1.8899375376139165,67.9768272881238,0,1,0,Kangaroo
4,2.9790447833670903,3329.2065705869995,0,1,3,Elephant
4,2.7093378775418313,3754.149227741606,0,1,3,Elephant
4,2.856861879643843,4410.740061021855,0,1,3,Elephant
2,1.7444499649158112,87.2111147815697,0,1,0,Kangaroo
4,0.5337883506665735,15.850535653100447,0,1,1,Dog
2,0.15236857929891504,1.6842657061891273,1,1,2,Chicken
4,0.6767719941310201,26.369024727921925,0,1,1,Dog
4,2.73738740336442,5193.808454076196,0,1,3,Elephant
4,0.3436446312129001,76.21910791294133,0,1,1,Dog
2,0.4072060279044153,2.671772949174519,1,1,2,Chicken
4,2.7600387513241857,3805.2906297961354,0,1,3,Elephant
2,0.18986073826419933,2.3843096674216357,1,1,2,Chicken
4,3.0767242434857778,4965.426375089133,0,1,3,Elephant
4,0.7712229424840927,16.957399114360758,0,1,1,Dog
2,1.9275862272017834,79.78284179979772,0,1,0,Kangaroo
4,0.22464180343351148,24.272362437089242,0,1,1,Dog
4,3.106560388256489,5993.030081846271,0,1,3,Elephant
4,0.5259259330671091,42.447840994366196,0,1,1,Dog
4,0.49967873830348486,62.57159198836685,0,1,1,Dog
2,1.6437477700977148,52.41154844224514,0,1,0,Kangaroo
4,3.0458298647052295,2790.475782169753,0,1,3,Elephant
4,0.7874315708266518,26.530341113424047,0,1,1,Dog
2,1.604219109113832,52.93691852018277,0,1,0,Kangaroo
4,2.866742910839367,4281.876925313262,0,1,3,Elephant
4,2.7770209749635715,2705.619408010808,0,1,3,Elephant
4,0.7559723303763192,7.239601754482408,0,1,1,Dog
4,2.780012500566113,4075.1867276275925,0,1,3,Elephant
4,0.36684420171223964,8.16340794336815,0,1,1,Dog
4,0.3468584424680363,24.070730529782313,0,1,1,Dog
2,1.6090340460812451,57.15389737783742,0,1,0,Kangaroo
4,3.297630977374847,5784.104784196807,0,1,3,Elephant
4,2.7645807934423208,4433.388349573233,0,1,3,Elephant
4,0.5582370168375016,15.131373634767463,0,1,1,Dog
4,0.1498507465528256,48.7073945836957,0,1,1,Dog
4,0.39440833064188086,55.82174585283915,0,1,1,Dog
2,1.8309391620807411,79.97511784433549,0,1,0,Kangaroo
2,0.2640947190595865,1.9417824076443502,1,1,2,Chicken
4,0.48884621334689227,50.67002397479282,0,1,1,Dog
4,0.5291632059043483,27.81208403878522,0,1,1,Dog
4,3.194227046292231,5635.749952067714,0,1,3,Elephant
2,1.868844032686793,55.65928724328489,0,1,0,Kangaroo
2,1.6732178073325934,74.67182708582229,0,1,0,Kangaroo
4,0.5355695558618736,45.62227452264153,0,1,1,Dog
4,0.562141116599872,54.93448473255439,0,1,1,Dog
4,2.9638721924909226,4705.460712626498,0,1,3,Elephant
2,0.4446948249477918,2.6156037416993354,1,1,2,Chicken
2,1.7938435677782736,49.75642458171246,0,1,0,Kangaroo
4,0.40821135689015486,39.10048158188901,0,1,1,Dog
4,0.4623156681189863,6.989644124237651,0,1,1,Dog
2,2.920899095587066,274.852918273534,0,1,0,Kangaroo
4,0.503813805485875,9.387063130423819,0,1,1,Dog
2,0.3397151826911704,3.187501127267067,1,1,2,Chicken
4,0.501520226810936,78.19739463831964,0,1,1,Dog
4,2.7349609522415754,6897.044477899303,0,1,3,Elephant
2,0.4517698689241335,0.39911025395131094,1,1,2,Chicken
2,1.9102526599523095,51.84730276833406,0,1,0,Kangaroo
2,0.4513670436945847,2.577519884304882,1,1,2,Chicken
4,3.1685158858738207,6098.178421630365,0,1,3,Elephant
2,0.33629827907964405,2.5217185463375857,1,1,2,Chicken
2,0.25126663521273024,1.1499491849156476,1,1,2,Chicken
2,1.6542355625712037,77.5047068244558,0,1,0,Kangaroo
2,1.9969944902578698,83.35237952168893,0,1,0,Kangaroo
4,2.6922127453249445,5658.997850008427,0,1,3,Elephant
4,0.4628319336226337,45.827904050376674,0,1,1,Dog
4,0.3851171829354344,6.428027456550144,0,1,1,Dog
2,1.7611403093207285,77.4901191436595,0,1,0,Kangaroo
2,0.3091434771760473,2.068729172062168,1,1,2,Chicken
2,1.8923727749948211,62.92246283398589,0,1,0,Kangaroo
2,0.44753718392674424,3.34940720863498,1,1,2,Chicken
4,0.6908964003924951,39.33512338310586,0,1,1,Dog
2,0.26821430430977555,2.442937744406341,1,1,2,Chicken
4,0.666046484364144,70.69114065602665,0,1,1,Dog
2,1.6398298967664824,79.19448809202842,0,1,0,Kangaroo
2,1.9717731501390088,47.899175748708075,0,1,0,Kangaroo
4,0.2675763803502318,54.55446273005356,0,1,1,Dog
2,0.20564211201703678,3.9199365176280225,1,1,2,Chicken
2,0.2376362474921881,1.5849856047134858,1,1,2,Chicken
4,2.516090674793303,5290.0983789093025,0,1,3,Elephant
4,2.8520155372722584,2992.1565050326403,0,1,3,Elephant
4,2.8943579703522135,3170.6091057719423,0,1,3,Elephant
4,0.13631512437375293,55.10437292211182,0,1,1,Dog
4,0.6019410807630353,37.99946895286457,0,1,1,Dog
2,1.8923053527055884,45.12135852247533,0,1,0,Kangaroo
2,0.19799525316024097,3.2569159934375485,1,1,2,Chicken
4,3.0410027721801156,5511.68943505189,0,1,3,Elephant
2,1.8441276957095272,48.20582748953231,0,1,0,Kangaroo
4,3.0289912341234033,3250.908762630408,0,1,3,Elephant
4,0.714774516729462,7.305010627080099,0,1,1,Dog
2,1.8358295671046052,59.20159546715604,0,1,0,Kangaroo
2,0.4268768314193231,1.068534678973379,1,1,2,Chicken
4,2.96252300228841,5180.033829071168,0,1,3,Elephant
2,1.9391568417759837,72.9202685042572,0,1,0,Kangaroo
4,3.1355808404733123,3870.830820340887,0,1,3,Elephant
4,2.9104500707495076,3084.7977491963766,0,1,3,Elephant
2,1.8113146003744738,88.88484739216679,0,1,0,Kangaroo
2,0.1961940082564457,3.62056869838868,1,1,2,Chicken
2,0.34122467740647283,0.7562428094836181,1,1,2,Chicken
2,1.6066757607083426,43.37662846363836,0,1,0,Kangaroo
2,1.9690317155732777,87.43399984735623,0,1,0,Kangaroo
2,0.3699997436212016,2.1228668434059537,1,1,2,Chicken
4,0.1860509121087592,42.620338061496206,0,1,1,Dog
2,0.1792589758222357,0.3659667625022041,1,1,2,Chicken
4,2.947387253871618,4280.145462763903,0,1,3,Elephant
2,1.7240677973588583,61.874302152528756,0,1,0,Kangaroo
4,2.5215362901805864,2970.7150330834043,0,1,3,Elephant
4,0.5463618202060911,4.819746645385541,0,1,1,Dog
4,2.57630427614802,5643.972610607823,0,1,3,Elephant
4,2.9118075099452168,4090.832049019061,0,1,3,Elephant
2,0.2084370339673333,0.5654121189439227,1,1,2,Chicken
2,0.40652754314426454,0.5284701265354773,1,1,2,Chicken
2,0.43248774633007936,1.1692552170738957,1,1,2,Chicken
2,1.7984590275740557,65.5390939712986,0,1,0,Kangaroo
4,2.7972421222925625,3696.999148468036,0,1,3,Elephant
2,1.6913617692613006,65.44124424553235,0,1,0,Kangaroo
2,1.8211459153983458,85.69738347605644,0,1,0,Kangaroo
4,0.28267041339595145,19.988659893543588,0,1,1,Dog
2,0.2449402853034358,0.3612438722722545,1,1,2,Chicken
2,1.6717377401089224,80.21690097293784,0,1,0,Kangaroo
4,0.17686997768546667,37.00989296647556,0,1,1,Dog
2,0.2645553226041416,2.3395194787340934,1,1,2,Chicken
4,0.8084952390594559,61.407047542487526,0,1,1,Dog
4,2.6040040753459657,6609.309389912749,0,1,3,Elephant
4,2.8436360993825325,6733.095761817312,0,1,3,Elephant
4,3.103370702483091,3000.014544939779,0,1,3,Elephant
4,0.6065758985951022,29.740619964815338,0,1,1,Dog
2,1.8323082509505064,65.27138819303879,0,1,0,Kangaroo
4,0.1808847293443167,45.07392717070285,0,1,1,Dog
4,2.680726843920288,3722.2610373715233,0,1,3,Elephant
4,0.6064934122986487,58.225200199415895,0,1,1,Dog
2,0.23176392932340947,3.9650181579432835,1,1,2,Chicken
2,1.6621642205287748,48.218749034988406,0,1,0,Kangaroo
4,0.2121009812088958,28.625564506082426,0,1,1,Dog
4,0.33964924838450317,21.303122262804592,0,1,1,Dog
4,3.188761245165682,3908.124426405599,0,1,3,Elephant
2,1.6860083157894754,82.82866356067123,0,1,0,Kangaroo
4,3.3318760037169683,4303.851189523016,0,1,3,Elephant
4,2.554305496522922,3038.2015992459355,0,1,3,Elephant
2,1.6047827692677652,81.51861659473181,0,1,0,Kangaroo
4,2.6463384013106626,4322.501781587533,0,1,3,Elephant
2,1.8329295205656253,52.94103261732629,0,1,0,Kangaroo
2,1.9988645704521897,49.88751683477166,0,1,0,Kangaroo
4,2.5518609884047465,6243.284369008477,0,1,3,Elephant
2,1.6170785276361723,63.04974610009704,0,1,0,Kangaroo
4,0.688746073041953,31.507397025420673,0,1,1,Dog
4,2.5008380049210404,5262.4591600373515,0,1,3,Elephant
2,0.3246120634987747,3.71200720422355,1,1,2,Chicken
2,1.7119103949755887,46.86180085660324,0,1,0,Kangaroo
4,3.031371406054032,6049.322755915848,0,1,3,Elephant
4,0.6617027214548891,28.690300622248856,0,1,1,Dog
4,0.3639432014571158,44.90361253125869,0,1,1,Dog
2,0.21293555579425422,1.364487312792207,1,1,2,Chicken
2,0.17050693059734148,4.164744899441467,1,1,2,Chicken
4,3.336842076942817,3030.5776504113173,0,1,3,Elephant
2,0.3367913476057336,3.330920513976747,1,1,2,Chicken
4,2.9823659766717965,6825.45793375954,0,1,3,Elephant
4,2.626729327146191,5147.8338894800745,0,1,3,Elephant
2,0.469893001444987,0.1544239497741632,1,1,2,Chicken
4,2.971166912868976,3409.404759092602,0,1,3,Elephant
4,0.4986447290342755,14.281206261361085,0,1,1,Dog
4,3.1877364178459024,4065.2638903471216,0,1,3,Elephant
2,0.1708445869957619,0.6519251350391952,1,1,2,Chicken
4,3.1591861839497035,6239.867816590278,0,1,3,Elephant
2,1.7494363120333494,87.09616067340208,0,1,0,Kangaroo
2,1.734624428456322,56.13016021864551,0,1,0,Kangaroo
4,0.6684529169999128,75.91197487894595,0,1,1,Dog
4,3.0993927999003317,5016.502431648297,0,1,3,Elephant
2,0.22813302489322485,2.4887994985250605,1,1,2,Chicken
2,0.406898240677822,1.2630753730248752,1,1,2,Chicken
2,1.9795152416885151,87.43490799249514,0,1,0,Kangaroo
2,1.672832702405419,55.91084559300475,0,1,0,Kangaroo
4,3.039285627777425,3047.6740019601393,0,1,3,Elephant
2,0.41087016483569383,1.0277770363969394,1,1,2,Chicken
4,3.036206225513928,6741.242385517969,0,1,3,Elephant
2,0.3063204769342278,1.1410793900632537,1,1,2,Chicken
2,1.7401924647589264,79.35100030453302,0,1,0,Kangaroo
2,1.754374839181364,76.62922472493844,0,1,0,Kangaroo
4,0.4652957555622164,30.22893711977933,0,1,1,Dog
2,1.9315227910265005,79.43649972381097,0,1,0,Kangaroo
4,2.6147642954561547,2916.950375113909,0,1,3,Elephant
2,0.15702729941569948,1.1240746566561566,1,1,2,Chicken
2,0.20953682110291674,1.6000311714250248,1,1,2,Chicken
2,1.7351802336991744,89.26380500705716,0,1,0,Kangaroo
2,1.7725293336583443,72.68175876326754,0,1,0,Kangaroo
4,0.23683056858493318,8.448738161406848,0,1,1,Dog
4,2.8342590805180747,4982.683458959787,0,1,3,Elephant
2,0.3812092624495407,1.27507889629836,1,1,2,Chicken
4,0.5188034693432644,66.42857863038361,0,1,1,Dog
2,0.1513354502593136,0.4017968597949244,1,1,2,Chicken
4,0.26577886451744354,2.520251879437331,0,1,1,Dog
2,0.4919701935997428,2.0084746207044324,1,1,2,Chicken
4,0.4502422280057209,70.74788244732949,0,1,1,Dog
4,0.25571922996859214,70.0111763808388,0,1,1,Dog
4,0.1603395087945555,35.01962319394238,0,1,1,Dog
2,0.3474863057700826,0.6661569976251934,1,1,2,Chicken
2,1.634282924735967,57.18956932730234,0,1,0,Kangaroo
4,2.9627056964805387,6215.427815650077,0,1,3,Elephant
4,0.786626838774605,54.43483269252762,0,1,1,Dog
4,2.893873430162507,2939.506714028558,0,1,3,Elephant
2,1.800840588126242,85.0227530735796,0,1,0,Kangaroo
4,2.5770508685323357,5855.911649248532,0,1,3,Elephant
4,3.3352267417206036,6076.381101673262,0,1,3,Elephant
4,0.18329059505485257,54.125349344151985,0,1,1,Dog
4,3.212356225621644,3708.911347947439,0,1,3,Elephant
2,1.6348109763506031,67.81821019848995,0,1,0,Kangaroo
2,0.33189086213972424,3.8551450345906617,1,1,2,Chicken
2,1.9699712667037095,68.13418797386612,0,1,0,Kangaroo
2,0.45361634371781134,3.7010052713940094,1,1,2,Chicken
2,0.2840652155069685,2.0584894902879944,1,1,2,Chicken
2,1.6688798912626928,60.14869792157883,0,1,0,Kangaroo
4,0.15637212208762066,70.33157579226922,0,1,1,Dog
4,2.513868968216459,4643.438221958208,0,1,3,Elephant
2,0.15708151100764514,3.4397776070458703,1,1,2,Chicken
2,0.4449962990139925,3.60983140260137,1,1,2,Chicken
4,2.589603113661912,6789.143525794235,0,1,3,Elephant
2,0.24429699335306726,1.7720248654375084,1,1,2,Chicken
4,2.863127772272658,6527.761063300584,0,1,3,Elephant
4,0.6464554407538545,68.57433418819272,0,1,1,Dog
4,2.5283991011746196,5651.148412966875,0,1,3,Elephant
2,1.6694949424051149,83.75902780627084,0,1,0,Kangaroo
2,1.6997961045297119,62.822433356404034,0,1,0,Kangaroo
4,2.7138399736421794,6141.0770542632,0,1,3,Elephant
2,1.872469744177351,52.09690472948058,0,1,0,Kangaroo
4,0.2507569120314259,68.83274059559933,0,1,1,Dog
2,0.27048715134881257,3.5241526455787557,1,1,2,Chicken
2,1.7140277505739048,59.32828353704923,0,1,0,Kangaroo
4,3.232828956820089,5383.733534574372,0,1,3,Elephant
2,0.37805556649958727,2.1737897761350715,1,1,2,Chicken
2,1.789638882611738,46.6157045391841,0,1,0,Kangaroo
2,1.6895080126893236,70.41719414483218,0,1,0,Kangaroo
2,0.29833238023086667,1.6042673078041763,1,1,2,Chicken
2,0.226373168925526,1.2948300149751273,1,1,2,Chicken
4,0.5274512659726458,1.0767844554321933,0,1,1,Dog
2,0.3465099910391103,2.5088750946110157,1,1,2,Chicken
2,1.7926953675265225,56.81418269439077,0,1,0,Kangaroo
2,0.45152206008814066,1.1241545776980064,1,1,2,Chicken
2,0.21592602843400277,2.190493196768089,1,1,2,Chicken
2,1.922171929053412,80.11818722264059,0,1,0,Kangaroo
2,0.3882645126355836,3.039701951578038,1,1,2,Chicken
2,0.24079919544919612,1.779488951156625,1,1,2,Chicken
2,1.833209480965343,89.73768650443942,0,1,0,Kangaroo
2,0.40429245680331627,0.9626979765232075,1,1,2,Chicken
4,0.7464380237434373,53.2416753630491,0,1,1,Dog
4,3.218168438190796,6368.927572671075,0,1,3,Elephant
2,1.7883123491047148,77.0459445784434,0,1,0,Kangaroo
4,3.3127618083726165,6468.241978758719,0,1,3,Elephant
4,2.7862022225466507,5800.1026961740745,0,1,3,Elephant
2,0.2800888504177014,2.4747308041463403,1,1,2,Chicken
2,1.7882146270682722,83.31966848462699,0,1,0,Kangaroo
2,1.7888878729624333,49.72719024884603,0,1,0,Kangaroo
4,0.49029018314839834,32.92891944008964,0,1,1,Dog
4,2.5922550806640805,3461.275340419117,0,1,3,Elephant
4,0.22739242356375416,68.19792455196361,0,1,1,Dog
2,1.795032338299243,71.55163861313476,0,1,0,Kangaroo
2,1.6018854005695977,53.67639311007498,0,1,0,Kangaroo
4,2.9828882350056656,3281.2710047154237,0,1,3,Elephant
2,1.6517623830273145,61.68557071443183,0,1,0,Kangaroo
4,0.7864229312884226,30.590338974196662,0,1,1,Dog
4,0.4722688055060511,24.5300347291759,0,1,1,Dog
2,1.7192809013976555,54.54138959047433,0,1,0,Kangaroo
2,0.3017828305124559,2.896065783896682,1,1,2,Chicken
4,0.37429060272931003,15.29144366043325,0,1,1,Dog
4,0.1430048185238572,18.109227020910023,0,1,1,Dog
4,3.1233281911872535,5135.6791896367395,0,1,3,Elephant
2,0.39888853153354764,3.3346253464560505,1,1,2,Chicken
2,0.41993738217023535,2.631110077949371,1,1,2,Chicken
2,1.8647879663351579,72.67838092003763,0,1,0,Kangaroo
4,3.0887209060066088,5310.338762700629,0,1,3,Elephant
2,1.8649931863555587,53.498857476859456,0,1,0,Kangaroo
4,2.842754919076569,6464.074277513707,0,1,3,Elephant
2,1.713082707268037,79.23800330842424,0,1,0,Kangaroo
4,3.1623834357713503,6175.444928180636,0,1,3,Elephant
2,0.3962028625861904,1.2665470497655518,1,1,2,Chicken
2,1.868653252986082,85.3440022134896,0,1,0,Kangaroo
4,0.23141825501340096,7.571489875710071,0,1,1,Dog
2,1.961911753582633,72.21683957843493,0,1,0,Kangaroo
2,0.24244375796986425,0.2454838551692997,1,1,2,Chicken
2,1.940899474294684,58.01073320269439,0,1,0,Kangaroo
4,0.6322073331386798,7.957379920950553,0,1,1,Dog
2,1.603868931090828,46.91972213363462,0,1,0,Kangaroo
2,0.2751345914832105,1.8592055333631943,1,1,2,Chicken
2,1.7490488613097797,57.136136138018,0,1,0,Kangaroo
4,0.7843707525018327,21.838897623889924,0,1,1,Dog
4,0.6739313859252861,51.4344489839727,0,1,1,Dog
2,1.653004630494624,76.32055560449004,0,1,0,Kangaroo
4,2.562304664107149,6518.275073470371,0,1,3,Elephant
4,0.25325718116536544,30.310436160597177,0,1,1,Dog
2,1.9450303098096375,83.99751232509928,0,1,0,Kangaroo
4,2.8999408941652938,4698.927941066258,0,1,3,Elephant
4,0.1612611812581756,21.036610077436453,0,1,1,Dog
4,3.3403270462202106,5480.330740321557,0,1,3,Elephant
2,1.7731391628435649,76.33259842119253,0,1,0,Kangaroo
4,0.2310850275348309,65.3753688844295,0,1,1,Dog
2,1.6046579469543658,86.71857102100824,0,1,0,Kangaroo
4,0.7092723829833251,68.74912731710228,0,1,1,Dog
4,0.3480309945628527,26.475245137932795,0,1,1,Dog
4,2.959941057060304,4228.141647831284,0,1,3,Elephant
2,1.783637837899294,80.06306438633611,0,1,0,Kangaroo
4,0.4340063215413827,9.818487886210178,0,1,1,Dog
2,1.641057328592061,60.61692738377747,0,1,0,Kangaroo
2,1.9303635033693776,79.5891642586154,0,1,0,Kangaroo
2,0.4615388145887718,2.3779904976272714,1,1,2,Chicken
4,0.7762414883954887,29.022384489230163,0,1,1,Dog
4,3.2214425212477846,4027.4822898853463,0,1,3,Elephant
4,0.6173274863278396,29.01862195282585,0,1,1,Dog
2,1.903727980431647,51.0873553910095,0,1,0,Kangaroo
2,0.341691703592947,1.593505570596649,1,1,2,Chicken
4,2.9082557065412384,6133.906237650523,0,1,3,Elephant
4,0.20273382375327292,48.451863641886675,0,1,1,Dog
4,0.27660086297088327,65.22750028104709,0,1,1,Dog
2,0.18771801155062218,1.762440046769239,1,1,2,Chicken
2,1.9088580694548916,62.525229847948204,0,1,0,Kangaroo
4,3.3278307330158166,2618.6517989677686,0,1,3,Elephant
4,0.7003949552616633,38.41015913757021,0,1,1,Dog
4,3.0857177642353877,3346.6961617851775,0,1,3,Elephant
2,1.7549622316882665,70.02730109027056,0,1,0,Kangaroo
4,0.41469202716693665,48.306004944435905,0,1,1,Dog
4,2.713500333160939,6743.452212022937,0,1,3,Elephant
4,0.6772618449530963,11.34713044315963,0,1,1,Dog
2,0.445076050948523,2.3175162587696723,1,1,2,Chicken
4,2.648791283269557,5283.92063358317,0,1,3,Elephant
2,0.47241711754598315,0.5893124061249171,1,1,2,Chicken
4,2.918465160748492,5585.5414870275035,0,1,3,Elephant
2,1.9043100099332266,68.11401057257127,0,1,0,Kangaroo
4,0.588485570166638,70.66848110816673,0,1,1,Dog
4,0.6796472499421533,41.53430391742238,0,1,1,Dog
2,0.20124993654924359,0.29524264606048395,1,1,2,Chicken
4,3.140698613760197,2738.9174479420067,0,1,3,Elephant
2,1.8464435335041147,73.77630067597795,0,1,0,Kangaroo
4,3.1307473349268458,5013.463377000486,0,1,3,Elephant
2,0.392527626324987,0.2325772457492073,1,1,2,Chicken
4,0.7805573396080423,77.10208368140592,0,1,1,Dog
2,1.6051860950698553,52.56705641861529,0,1,0,Kangaroo
4,0.6943887677294983,72.05168060028848,0,1,1,Dog
2,0.4142876968229924,2.3125588140872675,1,1,2,Chicken
4,2.7318181724059976,3362.9313634995315,0,1,3,Elephant
4,3.3266029715886534,5760.841789912742,0,1,3,Elephant
2,1.7714031257602938,67.82993102976664,0,1,0,Kangaroo
2,0.15197579760623703,1.9783373609664776,1,1,2,Chicken
2,1.661481353427852,56.131501494676,0,1,0,Kangaroo
2,0.3216928294037868,2.421054311680174,1,1,2,Chicken
2,0.3338882735147081,4.020939868483298,1,1,2,Chicken
4,2.8401788069556755,4909.254595895807,0,1,3,Elephant
4,3.2562230975917346,5452.338248693191,0,1,3,Elephant
2,0.22645585002458013,3.170305635615454,1,1,2,Chicken
2,1.6458887805609062,57.30036454113842,0,1,0,Kangaroo
4,3.3234181663058004,5534.97085130467,0,1,3,Elephant
2,1.7543503739136177,67.01186564712808,0,1,0,Kangaroo
2,0.3300081717296381,2.154866273670296,1,1,2,Chicken
2,0.46439856311704864,0.8384290709678978,1,1,2,Chicken
2,1.666957923685398,87.81381032366995,0,1,0,Kangaroo
2,1.8507732303901667,50.53907374677625,0,1,0,Kangaroo
4,3.2398062615842416,4424.100643346905,0,1,3,Elephant
4,0.5696615883364748,74.27046225340261,0,1,1,Dog
4,2.4911401220314984,5682.533620494426,0,1,3,Elephant
4,0.39386217047844413,49.97205527312435,0,1,1,Dog
2,1.7558007468977532,45.91528808133094,0,1,0,Kangaroo
2,1.715934639534032,74.29393295248997,0,1,0,Kangaroo
2,0.4178459843571618,1.8590458102362206,1,1,2,Chicken
2,1.7895950709471806,66.67338819051747,0,1,0,Kangaroo
4,0.671803897189271,67.18319388731845,0,1,1,Dog
4,2.735270287862325,6414.005911580669,0,1,3,Elephant
2,0.48508707718784194,0.08341831494362031,1,1,2,Chicken
4,2.579679291450814,2621.628308018222,0,1,3,Elephant
2,1.7218764609398034,77.41482933663967,0,1,0,Kangaroo
2,0.2241079300226947,3.8071294903234603,1,1,2,Chicken
4,2.613249378232312,3549.3882682368544,0,1,3,Elephant
4,2.5720140624896333,5485.205018807487,0,1,3,Elephant
2,1.9405550889701897,86.61849327015743,0,1,0,Kangaroo
4,0.5683786694241459,6.24184891444619,0,1,1,Dog
2,0.18437084048313018,3.057628078282026,1,1,2,Chicken
2,0.27499842565413785,2.831603440342352,1,1,2,Chicken
2,0.3668305220040165,3.7841936936790836,1,1,2,Chicken
4,0.353275333189315,52.2646466940308,0,1,1,Dog
4,2.973341287035548,4167.321773418105,0,1,3,Elephant
4,0.24467486741606653,25.08736028764209,0,1,1,Dog
4,0.31814228781517473,28.71965098040556,0,1,1,Dog
2,0.45726004032778655,1.9638377896027654,1,1,2,Chicken
2,0.32043998385284195,0.49007026489623734,1,1,2,Chicken
2,1.9367171981353042,82.93568276853996,0,1,0,Kangaroo
4,2.704278839028289,6411.244077939251,0,1,3,Elephant
2,1.9568420738537022,82.47936364530709,0,1,0,Kangaroo
4,0.6530561733337096,17.201713864839302,0,1,1,Dog
4,3.2633794139117667,5135.283245540226,0,1,3,Elephant
4,2.883584016531703,4794.771571378278,0,1,3,Elephant
2,1.8650713957514786,82.39909200519332,0,1,0,Kangaroo
4,3.1439134034334244,3203.5939784254724,0,1,3,Elephant
4,3.1249686298629937,4679.064687627953,0,1,3,Elephant
4,3.147710416272294,3596.524602698557,0,1,3,Elephant
4,2.508099512346396,3489.1285212852545,0,1,3,Elephant
2,0.2858325884817986,3.858225793001657,1,1,2,Chicken
2,1.992235912825241,56.203555503198885,0,1,0,Kangaroo
2,0.4422052931760877,1.1331847968462307,1,1,2,Chicken
4,2.8052270168943036,4227.629623344363,0,1,3,Elephant
2,1.8066651590215754,58.81643905217726,0,1,0,Kangaroo
4,0.3699706452766135,68.61597461689291,0,1,1,Dog
4,0.7332769215916356,1.0179183959528966,0,1,1,Dog
4,0.24261195925171467,6.551425720687877,0,1,1,Dog
4,2.603713962930039,3276.6366165694494,0,1,3,Elephant
2,1.864443857164223,60.73068425475531,0,1,0,Kangaroo
2,1.7926066597557946,63.9407321360041,0,1,0,Kangaroo
4,3.0460607183850916,4366.86659080176,0,1,3,Elephant
4,2.980402995103519,3292.8553035804134,0,1,3,Elephant
2,1.9563190685876288,47.34325500425398,0,1,0,Kangaroo
4,2.9298102164479505,4343.462160805146,0,1,3,Elephant
2,1.9514035931812146,76.3987157723848,0,1,0,Kangaroo
2,1.686637367156754,70.3262948962956,0,1,0,Kangaroo
4,0.2459854131129935,65.68354061428604,0,1,1,Dog
4,3.0246584476313547,4796.46110637068,0,1,3,Elephant
2,0.4728231806957315,2.5203683880765073,1,1,2,Chicken
4,0.3921140802644564,9.022753941268967,0,1,1,Dog
4,0.6920296462006987,48.03261490210472,0,1,1,Dog
2,1.9511010550971872,66.57149750863358,0,1,0,Kangaroo
2,1.7928963740449924,46.516442038858216,0,1,0,Kangaroo
2,1.9587875811390127,78.74352115339016,0,1,0,Kangaroo
4,0.38185666616917047,3.909905241913796,0,1,1,Dog
4,3.3051952488276894,4673.130825870402,0,1,3,Elephant
2,0.3561668301494223,3.1234233980209862,1,1,2,Chicken
2,1.7701957587417456,52.72590140891866,0,1,0,Kangaroo
2,1.7133066672035824,83.83831565966122,0,1,0,Kangaroo
4,2.4748678141917475,5797.676429856692,0,1,3,Elephant
2,1.6619114322247255,72.57879673889659,0,1,0,Kangaroo
4,0.5139757615971414,48.532633145388225,0,1,1,Dog
4,0.6433808924146868,32.93841042623101,0,1,1,Dog
4,0.25152932652640947,44.38886562779948,0,1,1,Dog
2,0.35217790358159473,3.2599716379119013,1,1,2,Chicken
4,3.2309490413130013,5434.916251242674,0,1,3,Elephant
4,0.6625142970348282,75.01574650556532,0,1,1,Dog
